mapPoint_ID;generalProduct_ID
c8c3e500-6ce3-415e-be43-308db1d647d1;9c7cbcb7-9daf-4b4b-9279-feea78fa5cbe
e0568c18-7467-4721-b9a5-72570a350a75;32f82acd-bcac-4a49-a8dd-3f957484e6da
8dd46510-c1a9-484a-9bfb-7411f31d1814;3ccdc029-3082-4c1f-b8e4-509422ab790a
fafa06f2-6352-4506-b626-79dcd307b1bb;76646949-745a-4c58-a4cc-5b5f75bb328c
cbcb02b2-4343-4573-9ccb-7fdb4a4e1327;eaeccc55-3c68-4e77-8dbf-673bbb73fe93
3d0f0c71-36dc-4210-9e51-8301a88dbb8d;a74349b2-58a3-477a-81cc-d74a37b39d85
74936e5b-251c-4694-a167-b4a442cbc8af;e8809f7d-4a3e-4b30-8e07-45c9f3bc260b
733baaa1-ed99-4643-b446-2d77f29ea3f3;3f66057f-2aa9-4445-8c1f-023a6959ee21
63bdb281-59fb-4bf5-97fe-f66ac3aee993;2746c3f3-36ba-43e2-ae9f-fbd030da5174
f3b8b6fd-8c91-4789-85c9-2848ac1fb565;1eb7f9ac-bda5-492f-9f39-27ce73818b28
05fe4e21-5a35-4dda-9879-48643614e3ab;01a6b0bb-4340-4712-9ef2-feafb170ced8
2b759e8b-041e-4484-a32c-a61e125b5fa2;6f7ed731-51c3-4b3d-aa22-99a8cd239997
1caa523c-8a98-48fa-a1c0-97f17563f852;c0200cc7-90bb-481b-8d52-fc2d356f47e3
1be00497-bb4a-4e95-ba1f-c27e4f3c4508;14c25dab-09f3-4aba-8d90-9926ec6f3e01
f82cf575-495d-42a5-bda4-bb931ed6dde8;109e8939-c8b7-43b4-9859-d3886946ea44
1cd4c75f-256b-487a-8559-ef96fcc3fe2e;15206351-c39e-4115-a481-2fdcfe0e14cc
e8e32d42-4e44-4f61-a6a0-a04d2f9bb5d5;650fd9ac-dd6a-40ec-91fd-b54bdc975c08
2f5e0c93-0b24-4adb-afa1-5a5a39f9e7b8;77bc5cdd-c72f-4d0f-9892-0dc1e74c7e3c
5b5c558a-d9bd-4a5d-b932-41e1f7331605;21894cf3-345a-4702-ba44-7783aefb9a41
d034addf-77b8-4dc5-aa3b-cc45a897f981;4c29a9e4-81d6-4e65-987b-0a1aafc687f2
f9b7de0c-75c5-4186-87b7-a1b274366563;e4224cc6-a4f4-43c0-b123-33d40953fbc4
ed8d144b-d74b-42d6-992d-1aab6fa00be4;b7390d8f-9182-4d7f-8bad-51d5298b7375
f775fcfd-0a98-43ac-b448-45c897e03e68;4c1b5939-e1a8-4f49-8d4b-6dbeb4a51e48
817c03e4-68eb-49c4-a6c0-a5c0d4b66091;b121ad5a-395b-4dd2-bf67-e302f41f8d72
ce2c73b9-f147-455a-8b43-628d229a587b;bd74d9a8-1775-4c3a-b06f-e66d122f7fb7
55ba7561-cf05-4f96-a9b7-36008b597af0;52f57fd7-df49-4ed0-b37c-749599607700
de878fb7-9b4d-4441-83c2-e938ed632285;3c9753ce-3118-4c1b-8504-4ebf1c5c479f
dee2c66c-4315-46dd-a19e-71369dd6eae0;6616aa52-da64-4103-a0f1-f99804de7ac9
4c5fe5bd-2d9f-4e3e-8c94-34636508d93a;e2a20316-5c50-4d6d-b021-121473f2d21e
40c1b64c-4b55-4c6b-b882-7eea02a19c03;0ebe0e4a-4dbc-4aff-9371-063db3b0e4c8
bc9fd5fd-c762-4728-ba9c-582cdf202ab6;df5fa8ce-4495-4259-b708-1174afa61bc4
5b24ae75-f62a-4624-be59-642a145e46ea;f2a4c884-f915-4131-b6e0-57b1ff291b06
3aa864ac-60f1-4956-81f4-2412e26dec64;f444d293-ef90-4ff7-a238-9da8e1d398e9
6abb981e-a070-426a-8514-dc581e35e6c8;993450a9-e423-491e-874a-6b53b6170389
2d74d0ab-b161-4143-926a-6f57ee534cad;5de37ceb-1aff-461b-a053-05237896901d
92853470-f455-4abd-b986-576633d24f0b;d7ebbf94-a8f0-4d55-87ca-5bcd8e316030
543b250b-6985-4fc4-97e5-63dab4afee80;6cb5d9ce-4591-48a6-a447-0a6f428f06e2
9e4abace-0997-4374-b0a3-21d7a20a4a79;8db3a26d-22fc-4236-b469-db8a45a21263
574155c0-e3cc-4ce8-9c2d-0500fbd90362;66244f49-d7b8-4694-a60a-954b81574bb4
9b0ac40b-51e7-4e1b-886b-1aaf3b310336;34897e65-6660-4514-8794-289c716a060c
42cd9db4-1253-4a7c-8242-a1c70879da90;1095f545-4593-4580-aabd-05b285b72b58
ce4179a0-1a45-40e6-8024-9f05b154be80;e7f32612-7387-4478-820e-e7f34f9c28dd
851f552c-7f4e-4efa-b460-63045bfc60f4;c207c61f-b3de-451c-8044-7201cc200d4e
c11c0393-c299-4dac-98f2-7e408d7b017d;c3f05af0-9815-4782-976a-d7f9be84f588
119bdf14-cee8-4347-b1c4-40fd03cfca20;6f075e2f-3213-4dbf-b890-d194987a6a64
dac27d25-c997-466b-992b-fc7ce88f4e45;008db465-7f09-4765-bbfd-479897a323e4
74a1f100-d3a0-4e7a-b532-c9236f08b172;9089b9dd-f1d6-4ef1-a167-33bb37a75422
72f6cf97-d24f-4602-abd5-e84bbad86a59;78c7ac54-0002-4ef8-acad-a60144b2f56f
f8ad5e1d-9b05-48b3-8838-db3a376edb6c;24dee274-0e47-4e38-82ba-a3986fe6cbfa
ca57877d-809b-4e20-9e14-2fa80b203513;4e3a8e00-e153-4ef5-b5c6-632a3ae40bfe
3398e224-a9d9-4b50-a470-244c5c8b2a8e;0bb14fae-b9de-49e4-a3d3-95d0fe5e1d7b
8f6ac06a-6fc9-4a04-aefa-6e7ea4fc325d;c9a8626c-1ee4-4cb2-a14d-36cf45058758
3fbaa540-c433-49a4-a010-eae00b92bad6;29d62d82-3fd8-4de1-a6e2-18057502f03a
fda45f75-f947-4b22-8143-f2651d85028d;82342d9d-b5fe-4a53-9666-9bc1ae1f150a
c1762810-54b1-4935-baee-d4cddaf65c6a;04152425-de70-4562-a18c-6d8f530a2601
5c4cba80-9dc7-48a8-8034-b4c5e679144f;d89d524c-6698-4f37-b76b-2e82af7866bd
a80cc386-a682-48cc-97db-aa0f7ec3bd7c;5335bd8c-1083-4cc6-b127-8553c7e8c699
9348a51a-a91d-4dc8-bdb9-38172f51cadc;76401eb2-914c-43a7-ab8c-2c984ff170d0
e134d2ca-50be-40f0-abcf-327e55285645;5c65fb5a-c8d5-4424-8590-83425949215d
f9cbc722-52ae-4c3d-816f-6f210da47c0f;00e97bb1-d79a-4a40-bc1f-60b60ce1dad5
ae0e1543-fa71-4207-8770-2b74e0f10670;e6f00396-1ef6-4010-91b9-be82b5c4cd27
b0a325bd-f4af-456e-96a1-a383e949e46f;bb61b489-4e89-4e30-8fbb-2009deec21be
6600a8b8-8d3d-4e22-b367-4ea78b76bde0;7ca5c04e-7bd1-4f12-b9d3-1fc33c7e6743
caf46b24-2e84-423e-8e3b-92930677b395;6362fb4b-43c4-4922-ae2d-3a001b23a4be
686a93ed-9222-4251-88a3-6f74f25db60c;b46b868e-140d-422b-8275-031807e6dd50
481ccf9c-63be-490c-b240-eaa56bf1f9f9;f63984a4-6e4a-4222-a38f-7fcb347d4c10
c92a7243-2f56-46b5-bf6b-c348de8ee899;9c7cbcb7-9daf-4b4b-9279-feea78fa5cbe
04806a16-3b22-4843-af86-7ffdcbc62f2a;32f82acd-bcac-4a49-a8dd-3f957484e6da
4664e336-9dd1-41d1-b3e1-57cb570f8110;3ccdc029-3082-4c1f-b8e4-509422ab790a
93d5cc9c-a764-45f8-84fe-70230509bacc;76646949-745a-4c58-a4cc-5b5f75bb328c
86ebb609-17e4-47b5-828b-0076b5bcb388;eaeccc55-3c68-4e77-8dbf-673bbb73fe93
3ee060ec-dd35-40da-b5ad-ccd6a275c591;a74349b2-58a3-477a-81cc-d74a37b39d85
6c4c00c3-6ab8-40e3-9216-9d6583e58908;e8809f7d-4a3e-4b30-8e07-45c9f3bc260b
c28380c1-16c2-4731-9b62-aefccc91ee0e;3f66057f-2aa9-4445-8c1f-023a6959ee21
7fe10be9-1a4c-46b0-a4b5-a93e9171dc8b;2746c3f3-36ba-43e2-ae9f-fbd030da5174
e720c6a8-ed9d-4573-90cc-8c649e11a9a9;1eb7f9ac-bda5-492f-9f39-27ce73818b28
0b48e2ef-e9fe-41e5-b2c4-95d190f46f8b;01a6b0bb-4340-4712-9ef2-feafb170ced8
fcc40a6c-4624-45d2-b36f-6ce8dd50bde2;6f7ed731-51c3-4b3d-aa22-99a8cd239997
5933ae19-8a95-4970-9c51-b45346c97202;c0200cc7-90bb-481b-8d52-fc2d356f47e3
94378018-47ea-4cb8-81bb-959065d9054d;14c25dab-09f3-4aba-8d90-9926ec6f3e01
d489b4b7-b87b-4725-a405-ed3bacc33d1c;109e8939-c8b7-43b4-9859-d3886946ea44
363c4e55-9c50-4ed6-96f9-93efbed04b06;15206351-c39e-4115-a481-2fdcfe0e14cc
5c01513c-116a-4326-8af9-d0fcc8db5780;650fd9ac-dd6a-40ec-91fd-b54bdc975c08
e12e00df-5870-421a-945d-f0d7f2e3eb22;77bc5cdd-c72f-4d0f-9892-0dc1e74c7e3c
029bbe33-8113-4b81-81cc-81bd0a60bed7;21894cf3-345a-4702-ba44-7783aefb9a41
81ed9532-d514-4456-a3d2-0d9c0209a329;4c29a9e4-81d6-4e65-987b-0a1aafc687f2
9772dee5-e725-45af-9040-3fb3583b2ff8;e4224cc6-a4f4-43c0-b123-33d40953fbc4
8527f541-b756-4c44-97e3-1fdbb61ed1c7;b7390d8f-9182-4d7f-8bad-51d5298b7375
0c9eba64-47aa-4252-bcb2-37b938a6fd80;4c1b5939-e1a8-4f49-8d4b-6dbeb4a51e48
709bf3e5-6271-4cfd-aa4b-b29b7510275b;b121ad5a-395b-4dd2-bf67-e302f41f8d72
48147c4a-61c6-40cc-a873-cc00aa1d3c6c;bd74d9a8-1775-4c3a-b06f-e66d122f7fb7
c7b4c778-62be-46e4-af9f-2b65a8e3d8fa;52f57fd7-df49-4ed0-b37c-749599607700
fb2fcb0e-2d5d-4aac-8a35-cb6f0df9a2f8;3c9753ce-3118-4c1b-8504-4ebf1c5c479f
16451ad8-7ab6-4754-9648-274d998fe673;6616aa52-da64-4103-a0f1-f99804de7ac9
92dd1521-282f-418e-af2c-6876f79c2540;e2a20316-5c50-4d6d-b021-121473f2d21e
af96f316-8239-4c5b-97cb-8cc3ec84077a;0ebe0e4a-4dbc-4aff-9371-063db3b0e4c8
1860074c-1d0e-4dbf-9217-04db714b6058;df5fa8ce-4495-4259-b708-1174afa61bc4
8edef685-a508-4f1f-9ce4-d338afacb116;f2a4c884-f915-4131-b6e0-57b1ff291b06
80dd5a2b-f132-432f-adc4-cab97b5fbcb5;f444d293-ef90-4ff7-a238-9da8e1d398e9
fa3abca7-f58b-4d43-a09e-6d621d6552d8;993450a9-e423-491e-874a-6b53b6170389
c2310330-cd9b-487c-9a0b-a72c914725a8;5de37ceb-1aff-461b-a053-05237896901d
f8d477a0-b69e-4606-ad35-873e98b8d2f4;d7ebbf94-a8f0-4d55-87ca-5bcd8e316030
4ebae8bd-9811-4cfd-b3e7-a45f3355751c;6cb5d9ce-4591-48a6-a447-0a6f428f06e2
bc6ffaf8-ffd9-40bb-ac0d-97f3327d6abf;8db3a26d-22fc-4236-b469-db8a45a21263
c6b96718-314a-4526-88a7-91556901d7eb;66244f49-d7b8-4694-a60a-954b81574bb4
0a1e7b21-1ba7-4aed-8b48-a5eb21e7c794;34897e65-6660-4514-8794-289c716a060c
598a4966-5a3d-49de-ae0b-3c7a6908a502;1095f545-4593-4580-aabd-05b285b72b58
45edd11b-e4aa-4b3b-8a16-3dbe053ccb6f;e7f32612-7387-4478-820e-e7f34f9c28dd
3523712c-093d-46ed-96ab-364f1b6d8812;c207c61f-b3de-451c-8044-7201cc200d4e
0027294b-bf53-4e7a-b07c-a5b3011043ba;c3f05af0-9815-4782-976a-d7f9be84f588
5141c131-c9d6-4c74-8df6-186900832e77;6f075e2f-3213-4dbf-b890-d194987a6a64
8d00760b-416e-446f-8e43-c6e682f60fc1;008db465-7f09-4765-bbfd-479897a323e4
8a358091-eed9-4106-af2b-6e4ae54c6b58;9089b9dd-f1d6-4ef1-a167-33bb37a75422
dd2f27af-7f52-455c-b553-1049e8628e5c;78c7ac54-0002-4ef8-acad-a60144b2f56f
4ca56cb0-35b4-415c-9de8-6f542f8194d3;24dee274-0e47-4e38-82ba-a3986fe6cbfa
c00fba1f-8907-4eed-87da-e69d25a091dd;4e3a8e00-e153-4ef5-b5c6-632a3ae40bfe
12dd671e-e7d1-4d3f-abec-86c1d0ca7e1f;0bb14fae-b9de-49e4-a3d3-95d0fe5e1d7b
49663924-c6de-4c3a-bc04-92a2a2b70e1b;c9a8626c-1ee4-4cb2-a14d-36cf45058758
fe4bab38-89a4-4317-aa38-a68f7ec91e90;29d62d82-3fd8-4de1-a6e2-18057502f03a
68992cf3-fd33-4f2e-8224-6283fcba6128;82342d9d-b5fe-4a53-9666-9bc1ae1f150a
02fa5e08-eda4-4ec7-b9bc-fccc0246cb93;04152425-de70-4562-a18c-6d8f530a2601
33a9cc2a-2dac-4c9a-b7aa-f8e122f15d95;d89d524c-6698-4f37-b76b-2e82af7866bd
641ca607-a655-4feb-865b-499295351cf5;5335bd8c-1083-4cc6-b127-8553c7e8c699
eac81b8d-efa5-45c6-a8dd-94f4b09e2948;76401eb2-914c-43a7-ab8c-2c984ff170d0
0e88b632-0894-4ee2-bcfd-bccf3bb13f30;5c65fb5a-c8d5-4424-8590-83425949215d
3bde217b-9355-4b75-9047-d7c8869a2c08;00e97bb1-d79a-4a40-bc1f-60b60ce1dad5
37e3936a-c2b8-421d-a9c7-ad958882d65e;e6f00396-1ef6-4010-91b9-be82b5c4cd27
798f8e74-8f94-4f38-a4ac-6712ca0394d1;bb61b489-4e89-4e30-8fbb-2009deec21be
f753c7e7-9ceb-462e-96ba-acf735eb1ce2;7ca5c04e-7bd1-4f12-b9d3-1fc33c7e6743
04068595-dfc1-4969-8791-cf4b803595ee;6362fb4b-43c4-4922-ae2d-3a001b23a4be
e28da49c-70d1-4c8c-9ad7-643dbaf9d8f2;b46b868e-140d-422b-8275-031807e6dd50
b1fe8a6f-8aaf-47bc-af89-69b2884e5911;f63984a4-6e4a-4222-a38f-7fcb347d4c10
e3232add-f407-4435-a8fa-24ef0bf1fecf;9c7cbcb7-9daf-4b4b-9279-feea78fa5cbe
17073c5e-0ba5-4abd-b112-7cd506aef33f;32f82acd-bcac-4a49-a8dd-3f957484e6da
d5ac13d5-e9fc-4cb4-97c5-61dcaa64423b;3ccdc029-3082-4c1f-b8e4-509422ab790a
f784addd-20cc-4cb0-ae01-de801dfcca9b;76646949-745a-4c58-a4cc-5b5f75bb328c
2e9a90d6-ae0f-4b15-8389-69b2ee06eb84;eaeccc55-3c68-4e77-8dbf-673bbb73fe93
ca59969a-943e-4558-8bec-4b3ec58a1c2c;a74349b2-58a3-477a-81cc-d74a37b39d85
424d6e01-d719-43b1-a87e-f67baea81243;e8809f7d-4a3e-4b30-8e07-45c9f3bc260b
865d8944-1d77-4dc5-ad11-975d5dfa23b3;3f66057f-2aa9-4445-8c1f-023a6959ee21
f1318595-06a6-4197-a00f-03dd10e35187;2746c3f3-36ba-43e2-ae9f-fbd030da5174
b10c3e1e-379e-4a59-958d-4af4ae6690de;1eb7f9ac-bda5-492f-9f39-27ce73818b28
d4e9b010-3215-4846-ada3-412fbfee1bc9;01a6b0bb-4340-4712-9ef2-feafb170ced8
93363abe-0d79-4dc6-8760-baf7aa20a1bd;6f7ed731-51c3-4b3d-aa22-99a8cd239997
4aac200c-68ef-47fb-b678-90e310319a92;c0200cc7-90bb-481b-8d52-fc2d356f47e3
02632e7f-7cd8-4d64-b051-3f0dbb490652;14c25dab-09f3-4aba-8d90-9926ec6f3e01
60e7ef76-1481-4cd0-8f39-dcfb213e3f89;109e8939-c8b7-43b4-9859-d3886946ea44
b57f25a1-38dd-4297-87dd-69bd253c481f;15206351-c39e-4115-a481-2fdcfe0e14cc
374b39d5-b585-4278-939b-03740a37d87a;650fd9ac-dd6a-40ec-91fd-b54bdc975c08
494569d5-578a-40f5-b8ac-6daf6bc9ef91;77bc5cdd-c72f-4d0f-9892-0dc1e74c7e3c
f3bf8ed9-d887-4833-ab3d-df583edd4b6f;21894cf3-345a-4702-ba44-7783aefb9a41
c66ddc16-0b6e-4be4-9e64-5f4e1c0242f3;4c29a9e4-81d6-4e65-987b-0a1aafc687f2
ef4ab096-1d64-40f0-bba1-6dafc2e3aa4b;e4224cc6-a4f4-43c0-b123-33d40953fbc4
e6bfefc3-7ba7-44bb-8c98-acecafcaa664;b7390d8f-9182-4d7f-8bad-51d5298b7375
4441053b-46ef-42dd-bb10-cd2a9507c262;4c1b5939-e1a8-4f49-8d4b-6dbeb4a51e48
1fdbc9cd-243c-4bd0-b690-6aaca625e2a3;b121ad5a-395b-4dd2-bf67-e302f41f8d72
4eba8912-f695-49f4-bcd5-0ed526302c1d;bd74d9a8-1775-4c3a-b06f-e66d122f7fb7
15f060b2-1436-4834-908f-ac4dbf2385a7;52f57fd7-df49-4ed0-b37c-749599607700
dfa54c29-b3f5-4258-9a12-834b64066982;3c9753ce-3118-4c1b-8504-4ebf1c5c479f
593d8166-c842-4d1d-b181-ffffb90f8737;6616aa52-da64-4103-a0f1-f99804de7ac9
01cd360b-3266-4698-8b43-dadf34a6a715;e2a20316-5c50-4d6d-b021-121473f2d21e
8e576ea4-1b6f-42ee-b664-45dadbf4a0d8;0ebe0e4a-4dbc-4aff-9371-063db3b0e4c8
7fb13b81-870c-4049-8b55-7afc37b84d19;df5fa8ce-4495-4259-b708-1174afa61bc4
67f05c9d-8788-4c04-bcf2-ad0565cc699c;f2a4c884-f915-4131-b6e0-57b1ff291b06
1fb0fe5d-ccc4-4344-a17a-19314ba4d8b6;f444d293-ef90-4ff7-a238-9da8e1d398e9
cf4934e8-9209-4fa7-9967-9f40f2607b29;993450a9-e423-491e-874a-6b53b6170389
332112fa-5b23-49cb-b01e-0207f432bd9f;5de37ceb-1aff-461b-a053-05237896901d
5fa7f202-d647-436c-bf68-5e4071fae651;d7ebbf94-a8f0-4d55-87ca-5bcd8e316030
4f95fbe1-d61e-4b52-89a2-5ae0564d6382;6cb5d9ce-4591-48a6-a447-0a6f428f06e2
13b02fe5-cd77-4fd3-96b1-cebea72a553e;8db3a26d-22fc-4236-b469-db8a45a21263
e0e290d0-4668-489f-bb1e-acffb8b3d39b;66244f49-d7b8-4694-a60a-954b81574bb4
b9c028bf-eee3-4de1-b483-6cb805598bb2;34897e65-6660-4514-8794-289c716a060c
bf2f1bfe-5766-4b17-bb3d-062618286b0b;1095f545-4593-4580-aabd-05b285b72b58
dc29fd48-4784-4764-86d2-3243bf55a9ac;e7f32612-7387-4478-820e-e7f34f9c28dd
9847c37c-a377-4e7c-9079-497fae9a348f;c207c61f-b3de-451c-8044-7201cc200d4e
1d40f352-7be6-45c2-b68d-c7491ac94121;c3f05af0-9815-4782-976a-d7f9be84f588
08c98857-8519-4049-accb-fbfe201ac15b;6f075e2f-3213-4dbf-b890-d194987a6a64
9021239c-ae7e-4601-9175-178fdc5d86a4;008db465-7f09-4765-bbfd-479897a323e4
5232e0db-0f1a-487f-b34c-d2913df37b35;9089b9dd-f1d6-4ef1-a167-33bb37a75422
73f32f01-f010-414a-8419-66b39dd10398;78c7ac54-0002-4ef8-acad-a60144b2f56f
836774a6-a744-467f-b6ba-cc8fdd623cd4;24dee274-0e47-4e38-82ba-a3986fe6cbfa
8ebcc3df-9188-455c-b126-00d994c15dc5;4e3a8e00-e153-4ef5-b5c6-632a3ae40bfe
7a43e816-ce17-436b-9018-ac8cf02b8cfe;0bb14fae-b9de-49e4-a3d3-95d0fe5e1d7b
4e1c6016-b7fe-4c17-84e3-015cecedd71a;c9a8626c-1ee4-4cb2-a14d-36cf45058758
3aaba6df-f6a3-4be9-9774-484e4a73a678;29d62d82-3fd8-4de1-a6e2-18057502f03a
d34f49a5-6a82-4f3e-919c-e8a3cec18e75;82342d9d-b5fe-4a53-9666-9bc1ae1f150a
e626f38a-e957-4dfd-b9b7-8f2ef739970d;04152425-de70-4562-a18c-6d8f530a2601
f5023457-8772-4e52-a0c3-78c8d1f87083;d89d524c-6698-4f37-b76b-2e82af7866bd
f0caa8d0-9845-4363-8403-4a32beb68ac8;5335bd8c-1083-4cc6-b127-8553c7e8c699
4c4f7831-e306-494b-8990-adeea823964f;76401eb2-914c-43a7-ab8c-2c984ff170d0
aa669e5e-70b0-47e1-b400-490e686390e4;5c65fb5a-c8d5-4424-8590-83425949215d
4f3b47a6-efac-433b-9d99-3885e541336d;00e97bb1-d79a-4a40-bc1f-60b60ce1dad5
9559fb52-45ba-4d00-88e4-985c3fb25d15;e6f00396-1ef6-4010-91b9-be82b5c4cd27
da6e023c-184b-45a3-bddb-ec5dc6eb0a3b;bb61b489-4e89-4e30-8fbb-2009deec21be
8a4294fa-8847-4f53-b616-59953a29cb08;7ca5c04e-7bd1-4f12-b9d3-1fc33c7e6743
67ea81d5-91e6-48e0-835a-9093524c74b4;6362fb4b-43c4-4922-ae2d-3a001b23a4be
c8c3e500-6ce3-415e-be43-308db1d647d1;b46b868e-140d-422b-8275-031807e6dd50
e0568c18-7467-4721-b9a5-72570a350a75;f63984a4-6e4a-4222-a38f-7fcb347d4c10
8dd46510-c1a9-484a-9bfb-7411f31d1814;9c7cbcb7-9daf-4b4b-9279-feea78fa5cbe
fafa06f2-6352-4506-b626-79dcd307b1bb;32f82acd-bcac-4a49-a8dd-3f957484e6da
cbcb02b2-4343-4573-9ccb-7fdb4a4e1327;3ccdc029-3082-4c1f-b8e4-509422ab790a
3d0f0c71-36dc-4210-9e51-8301a88dbb8d;76646949-745a-4c58-a4cc-5b5f75bb328c
74936e5b-251c-4694-a167-b4a442cbc8af;eaeccc55-3c68-4e77-8dbf-673bbb73fe93
733baaa1-ed99-4643-b446-2d77f29ea3f3;a74349b2-58a3-477a-81cc-d74a37b39d85
63bdb281-59fb-4bf5-97fe-f66ac3aee993;e8809f7d-4a3e-4b30-8e07-45c9f3bc260b
f3b8b6fd-8c91-4789-85c9-2848ac1fb565;3f66057f-2aa9-4445-8c1f-023a6959ee21
05fe4e21-5a35-4dda-9879-48643614e3ab;2746c3f3-36ba-43e2-ae9f-fbd030da5174
2b759e8b-041e-4484-a32c-a61e125b5fa2;1eb7f9ac-bda5-492f-9f39-27ce73818b28
1caa523c-8a98-48fa-a1c0-97f17563f852;01a6b0bb-4340-4712-9ef2-feafb170ced8
1be00497-bb4a-4e95-ba1f-c27e4f3c4508;6f7ed731-51c3-4b3d-aa22-99a8cd239997
f82cf575-495d-42a5-bda4-bb931ed6dde8;c0200cc7-90bb-481b-8d52-fc2d356f47e3
1cd4c75f-256b-487a-8559-ef96fcc3fe2e;14c25dab-09f3-4aba-8d90-9926ec6f3e01
e8e32d42-4e44-4f61-a6a0-a04d2f9bb5d5;109e8939-c8b7-43b4-9859-d3886946ea44
2f5e0c93-0b24-4adb-afa1-5a5a39f9e7b8;15206351-c39e-4115-a481-2fdcfe0e14cc
5b5c558a-d9bd-4a5d-b932-41e1f7331605;650fd9ac-dd6a-40ec-91fd-b54bdc975c08
d034addf-77b8-4dc5-aa3b-cc45a897f981;77bc5cdd-c72f-4d0f-9892-0dc1e74c7e3c
f9b7de0c-75c5-4186-87b7-a1b274366563;21894cf3-345a-4702-ba44-7783aefb9a41
ed8d144b-d74b-42d6-992d-1aab6fa00be4;4c29a9e4-81d6-4e65-987b-0a1aafc687f2
f775fcfd-0a98-43ac-b448-45c897e03e68;e4224cc6-a4f4-43c0-b123-33d40953fbc4
817c03e4-68eb-49c4-a6c0-a5c0d4b66091;b7390d8f-9182-4d7f-8bad-51d5298b7375
ce2c73b9-f147-455a-8b43-628d229a587b;4c1b5939-e1a8-4f49-8d4b-6dbeb4a51e48
55ba7561-cf05-4f96-a9b7-36008b597af0;b121ad5a-395b-4dd2-bf67-e302f41f8d72
de878fb7-9b4d-4441-83c2-e938ed632285;bd74d9a8-1775-4c3a-b06f-e66d122f7fb7
dee2c66c-4315-46dd-a19e-71369dd6eae0;52f57fd7-df49-4ed0-b37c-749599607700
4c5fe5bd-2d9f-4e3e-8c94-34636508d93a;3c9753ce-3118-4c1b-8504-4ebf1c5c479f
40c1b64c-4b55-4c6b-b882-7eea02a19c03;6616aa52-da64-4103-a0f1-f99804de7ac9
bc9fd5fd-c762-4728-ba9c-582cdf202ab6;e2a20316-5c50-4d6d-b021-121473f2d21e
5b24ae75-f62a-4624-be59-642a145e46ea;0ebe0e4a-4dbc-4aff-9371-063db3b0e4c8
3aa864ac-60f1-4956-81f4-2412e26dec64;df5fa8ce-4495-4259-b708-1174afa61bc4
6abb981e-a070-426a-8514-dc581e35e6c8;f2a4c884-f915-4131-b6e0-57b1ff291b06
2d74d0ab-b161-4143-926a-6f57ee534cad;f444d293-ef90-4ff7-a238-9da8e1d398e9
92853470-f455-4abd-b986-576633d24f0b;993450a9-e423-491e-874a-6b53b6170389
543b250b-6985-4fc4-97e5-63dab4afee80;5de37ceb-1aff-461b-a053-05237896901d
9e4abace-0997-4374-b0a3-21d7a20a4a79;d7ebbf94-a8f0-4d55-87ca-5bcd8e316030
574155c0-e3cc-4ce8-9c2d-0500fbd90362;6cb5d9ce-4591-48a6-a447-0a6f428f06e2
9b0ac40b-51e7-4e1b-886b-1aaf3b310336;8db3a26d-22fc-4236-b469-db8a45a21263
42cd9db4-1253-4a7c-8242-a1c70879da90;66244f49-d7b8-4694-a60a-954b81574bb4
ce4179a0-1a45-40e6-8024-9f05b154be80;34897e65-6660-4514-8794-289c716a060c
851f552c-7f4e-4efa-b460-63045bfc60f4;1095f545-4593-4580-aabd-05b285b72b58
c11c0393-c299-4dac-98f2-7e408d7b017d;e7f32612-7387-4478-820e-e7f34f9c28dd
119bdf14-cee8-4347-b1c4-40fd03cfca20;c207c61f-b3de-451c-8044-7201cc200d4e
dac27d25-c997-466b-992b-fc7ce88f4e45;c3f05af0-9815-4782-976a-d7f9be84f588
74a1f100-d3a0-4e7a-b532-c9236f08b172;6f075e2f-3213-4dbf-b890-d194987a6a64
72f6cf97-d24f-4602-abd5-e84bbad86a59;008db465-7f09-4765-bbfd-479897a323e4
f8ad5e1d-9b05-48b3-8838-db3a376edb6c;9089b9dd-f1d6-4ef1-a167-33bb37a75422
ca57877d-809b-4e20-9e14-2fa80b203513;78c7ac54-0002-4ef8-acad-a60144b2f56f
3398e224-a9d9-4b50-a470-244c5c8b2a8e;24dee274-0e47-4e38-82ba-a3986fe6cbfa
8f6ac06a-6fc9-4a04-aefa-6e7ea4fc325d;4e3a8e00-e153-4ef5-b5c6-632a3ae40bfe
3fbaa540-c433-49a4-a010-eae00b92bad6;0bb14fae-b9de-49e4-a3d3-95d0fe5e1d7b
fda45f75-f947-4b22-8143-f2651d85028d;c9a8626c-1ee4-4cb2-a14d-36cf45058758
c1762810-54b1-4935-baee-d4cddaf65c6a;29d62d82-3fd8-4de1-a6e2-18057502f03a
5c4cba80-9dc7-48a8-8034-b4c5e679144f;82342d9d-b5fe-4a53-9666-9bc1ae1f150a
a80cc386-a682-48cc-97db-aa0f7ec3bd7c;04152425-de70-4562-a18c-6d8f530a2601
9348a51a-a91d-4dc8-bdb9-38172f51cadc;d89d524c-6698-4f37-b76b-2e82af7866bd
e134d2ca-50be-40f0-abcf-327e55285645;5335bd8c-1083-4cc6-b127-8553c7e8c699
f9cbc722-52ae-4c3d-816f-6f210da47c0f;76401eb2-914c-43a7-ab8c-2c984ff170d0
ae0e1543-fa71-4207-8770-2b74e0f10670;5c65fb5a-c8d5-4424-8590-83425949215d
b0a325bd-f4af-456e-96a1-a383e949e46f;00e97bb1-d79a-4a40-bc1f-60b60ce1dad5
6600a8b8-8d3d-4e22-b367-4ea78b76bde0;e6f00396-1ef6-4010-91b9-be82b5c4cd27
caf46b24-2e84-423e-8e3b-92930677b395;bb61b489-4e89-4e30-8fbb-2009deec21be
686a93ed-9222-4251-88a3-6f74f25db60c;7ca5c04e-7bd1-4f12-b9d3-1fc33c7e6743
481ccf9c-63be-490c-b240-eaa56bf1f9f9;6362fb4b-43c4-4922-ae2d-3a001b23a4be
c92a7243-2f56-46b5-bf6b-c348de8ee899;b46b868e-140d-422b-8275-031807e6dd50
04806a16-3b22-4843-af86-7ffdcbc62f2a;f63984a4-6e4a-4222-a38f-7fcb347d4c10
4664e336-9dd1-41d1-b3e1-57cb570f8110;9c7cbcb7-9daf-4b4b-9279-feea78fa5cbe
93d5cc9c-a764-45f8-84fe-70230509bacc;32f82acd-bcac-4a49-a8dd-3f957484e6da
86ebb609-17e4-47b5-828b-0076b5bcb388;3ccdc029-3082-4c1f-b8e4-509422ab790a
3ee060ec-dd35-40da-b5ad-ccd6a275c591;76646949-745a-4c58-a4cc-5b5f75bb328c
6c4c00c3-6ab8-40e3-9216-9d6583e58908;eaeccc55-3c68-4e77-8dbf-673bbb73fe93
c28380c1-16c2-4731-9b62-aefccc91ee0e;a74349b2-58a3-477a-81cc-d74a37b39d85
7fe10be9-1a4c-46b0-a4b5-a93e9171dc8b;e8809f7d-4a3e-4b30-8e07-45c9f3bc260b
e720c6a8-ed9d-4573-90cc-8c649e11a9a9;3f66057f-2aa9-4445-8c1f-023a6959ee21
0b48e2ef-e9fe-41e5-b2c4-95d190f46f8b;2746c3f3-36ba-43e2-ae9f-fbd030da5174
fcc40a6c-4624-45d2-b36f-6ce8dd50bde2;1eb7f9ac-bda5-492f-9f39-27ce73818b28
5933ae19-8a95-4970-9c51-b45346c97202;01a6b0bb-4340-4712-9ef2-feafb170ced8
94378018-47ea-4cb8-81bb-959065d9054d;6f7ed731-51c3-4b3d-aa22-99a8cd239997
d489b4b7-b87b-4725-a405-ed3bacc33d1c;c0200cc7-90bb-481b-8d52-fc2d356f47e3
363c4e55-9c50-4ed6-96f9-93efbed04b06;14c25dab-09f3-4aba-8d90-9926ec6f3e01
5c01513c-116a-4326-8af9-d0fcc8db5780;109e8939-c8b7-43b4-9859-d3886946ea44
e12e00df-5870-421a-945d-f0d7f2e3eb22;15206351-c39e-4115-a481-2fdcfe0e14cc
029bbe33-8113-4b81-81cc-81bd0a60bed7;650fd9ac-dd6a-40ec-91fd-b54bdc975c08
81ed9532-d514-4456-a3d2-0d9c0209a329;77bc5cdd-c72f-4d0f-9892-0dc1e74c7e3c
9772dee5-e725-45af-9040-3fb3583b2ff8;21894cf3-345a-4702-ba44-7783aefb9a41
8527f541-b756-4c44-97e3-1fdbb61ed1c7;4c29a9e4-81d6-4e65-987b-0a1aafc687f2
0c9eba64-47aa-4252-bcb2-37b938a6fd80;e4224cc6-a4f4-43c0-b123-33d40953fbc4
709bf3e5-6271-4cfd-aa4b-b29b7510275b;b7390d8f-9182-4d7f-8bad-51d5298b7375
48147c4a-61c6-40cc-a873-cc00aa1d3c6c;4c1b5939-e1a8-4f49-8d4b-6dbeb4a51e48
c7b4c778-62be-46e4-af9f-2b65a8e3d8fa;b121ad5a-395b-4dd2-bf67-e302f41f8d72
fb2fcb0e-2d5d-4aac-8a35-cb6f0df9a2f8;bd74d9a8-1775-4c3a-b06f-e66d122f7fb7
16451ad8-7ab6-4754-9648-274d998fe673;52f57fd7-df49-4ed0-b37c-749599607700
92dd1521-282f-418e-af2c-6876f79c2540;3c9753ce-3118-4c1b-8504-4ebf1c5c479f
af96f316-8239-4c5b-97cb-8cc3ec84077a;6616aa52-da64-4103-a0f1-f99804de7ac9
1860074c-1d0e-4dbf-9217-04db714b6058;e2a20316-5c50-4d6d-b021-121473f2d21e
8edef685-a508-4f1f-9ce4-d338afacb116;0ebe0e4a-4dbc-4aff-9371-063db3b0e4c8
80dd5a2b-f132-432f-adc4-cab97b5fbcb5;df5fa8ce-4495-4259-b708-1174afa61bc4
fa3abca7-f58b-4d43-a09e-6d621d6552d8;f2a4c884-f915-4131-b6e0-57b1ff291b06
c2310330-cd9b-487c-9a0b-a72c914725a8;f444d293-ef90-4ff7-a238-9da8e1d398e9
f8d477a0-b69e-4606-ad35-873e98b8d2f4;993450a9-e423-491e-874a-6b53b6170389
4ebae8bd-9811-4cfd-b3e7-a45f3355751c;5de37ceb-1aff-461b-a053-05237896901d
bc6ffaf8-ffd9-40bb-ac0d-97f3327d6abf;d7ebbf94-a8f0-4d55-87ca-5bcd8e316030
c6b96718-314a-4526-88a7-91556901d7eb;6cb5d9ce-4591-48a6-a447-0a6f428f06e2
0a1e7b21-1ba7-4aed-8b48-a5eb21e7c794;8db3a26d-22fc-4236-b469-db8a45a21263
598a4966-5a3d-49de-ae0b-3c7a6908a502;66244f49-d7b8-4694-a60a-954b81574bb4
45edd11b-e4aa-4b3b-8a16-3dbe053ccb6f;34897e65-6660-4514-8794-289c716a060c
3523712c-093d-46ed-96ab-364f1b6d8812;1095f545-4593-4580-aabd-05b285b72b58
0027294b-bf53-4e7a-b07c-a5b3011043ba;e7f32612-7387-4478-820e-e7f34f9c28dd
5141c131-c9d6-4c74-8df6-186900832e77;c207c61f-b3de-451c-8044-7201cc200d4e
8d00760b-416e-446f-8e43-c6e682f60fc1;c3f05af0-9815-4782-976a-d7f9be84f588
8a358091-eed9-4106-af2b-6e4ae54c6b58;6f075e2f-3213-4dbf-b890-d194987a6a64
dd2f27af-7f52-455c-b553-1049e8628e5c;008db465-7f09-4765-bbfd-479897a323e4
4ca56cb0-35b4-415c-9de8-6f542f8194d3;9089b9dd-f1d6-4ef1-a167-33bb37a75422
c00fba1f-8907-4eed-87da-e69d25a091dd;78c7ac54-0002-4ef8-acad-a60144b2f56f
12dd671e-e7d1-4d3f-abec-86c1d0ca7e1f;24dee274-0e47-4e38-82ba-a3986fe6cbfa
49663924-c6de-4c3a-bc04-92a2a2b70e1b;4e3a8e00-e153-4ef5-b5c6-632a3ae40bfe
fe4bab38-89a4-4317-aa38-a68f7ec91e90;0bb14fae-b9de-49e4-a3d3-95d0fe5e1d7b
68992cf3-fd33-4f2e-8224-6283fcba6128;c9a8626c-1ee4-4cb2-a14d-36cf45058758
02fa5e08-eda4-4ec7-b9bc-fccc0246cb93;29d62d82-3fd8-4de1-a6e2-18057502f03a
33a9cc2a-2dac-4c9a-b7aa-f8e122f15d95;82342d9d-b5fe-4a53-9666-9bc1ae1f150a
641ca607-a655-4feb-865b-499295351cf5;04152425-de70-4562-a18c-6d8f530a2601
eac81b8d-efa5-45c6-a8dd-94f4b09e2948;d89d524c-6698-4f37-b76b-2e82af7866bd
0e88b632-0894-4ee2-bcfd-bccf3bb13f30;5335bd8c-1083-4cc6-b127-8553c7e8c699
3bde217b-9355-4b75-9047-d7c8869a2c08;76401eb2-914c-43a7-ab8c-2c984ff170d0
37e3936a-c2b8-421d-a9c7-ad958882d65e;5c65fb5a-c8d5-4424-8590-83425949215d
798f8e74-8f94-4f38-a4ac-6712ca0394d1;00e97bb1-d79a-4a40-bc1f-60b60ce1dad5
f753c7e7-9ceb-462e-96ba-acf735eb1ce2;e6f00396-1ef6-4010-91b9-be82b5c4cd27
04068595-dfc1-4969-8791-cf4b803595ee;bb61b489-4e89-4e30-8fbb-2009deec21be
e28da49c-70d1-4c8c-9ad7-643dbaf9d8f2;7ca5c04e-7bd1-4f12-b9d3-1fc33c7e6743
b1fe8a6f-8aaf-47bc-af89-69b2884e5911;6362fb4b-43c4-4922-ae2d-3a001b23a4be
e3232add-f407-4435-a8fa-24ef0bf1fecf;b46b868e-140d-422b-8275-031807e6dd50
17073c5e-0ba5-4abd-b112-7cd506aef33f;f63984a4-6e4a-4222-a38f-7fcb347d4c10
d5ac13d5-e9fc-4cb4-97c5-61dcaa64423b;9c7cbcb7-9daf-4b4b-9279-feea78fa5cbe
f784addd-20cc-4cb0-ae01-de801dfcca9b;32f82acd-bcac-4a49-a8dd-3f957484e6da
2e9a90d6-ae0f-4b15-8389-69b2ee06eb84;3ccdc029-3082-4c1f-b8e4-509422ab790a
ca59969a-943e-4558-8bec-4b3ec58a1c2c;76646949-745a-4c58-a4cc-5b5f75bb328c
424d6e01-d719-43b1-a87e-f67baea81243;eaeccc55-3c68-4e77-8dbf-673bbb73fe93
865d8944-1d77-4dc5-ad11-975d5dfa23b3;a74349b2-58a3-477a-81cc-d74a37b39d85
f1318595-06a6-4197-a00f-03dd10e35187;e8809f7d-4a3e-4b30-8e07-45c9f3bc260b
b10c3e1e-379e-4a59-958d-4af4ae6690de;3f66057f-2aa9-4445-8c1f-023a6959ee21
d4e9b010-3215-4846-ada3-412fbfee1bc9;2746c3f3-36ba-43e2-ae9f-fbd030da5174
93363abe-0d79-4dc6-8760-baf7aa20a1bd;1eb7f9ac-bda5-492f-9f39-27ce73818b28
4aac200c-68ef-47fb-b678-90e310319a92;01a6b0bb-4340-4712-9ef2-feafb170ced8
02632e7f-7cd8-4d64-b051-3f0dbb490652;6f7ed731-51c3-4b3d-aa22-99a8cd239997
60e7ef76-1481-4cd0-8f39-dcfb213e3f89;c0200cc7-90bb-481b-8d52-fc2d356f47e3
b57f25a1-38dd-4297-87dd-69bd253c481f;14c25dab-09f3-4aba-8d90-9926ec6f3e01
374b39d5-b585-4278-939b-03740a37d87a;109e8939-c8b7-43b4-9859-d3886946ea44
494569d5-578a-40f5-b8ac-6daf6bc9ef91;15206351-c39e-4115-a481-2fdcfe0e14cc
f3bf8ed9-d887-4833-ab3d-df583edd4b6f;650fd9ac-dd6a-40ec-91fd-b54bdc975c08
c66ddc16-0b6e-4be4-9e64-5f4e1c0242f3;77bc5cdd-c72f-4d0f-9892-0dc1e74c7e3c
ef4ab096-1d64-40f0-bba1-6dafc2e3aa4b;21894cf3-345a-4702-ba44-7783aefb9a41
e6bfefc3-7ba7-44bb-8c98-acecafcaa664;4c29a9e4-81d6-4e65-987b-0a1aafc687f2
4441053b-46ef-42dd-bb10-cd2a9507c262;e4224cc6-a4f4-43c0-b123-33d40953fbc4
1fdbc9cd-243c-4bd0-b690-6aaca625e2a3;b7390d8f-9182-4d7f-8bad-51d5298b7375
4eba8912-f695-49f4-bcd5-0ed526302c1d;4c1b5939-e1a8-4f49-8d4b-6dbeb4a51e48
15f060b2-1436-4834-908f-ac4dbf2385a7;b121ad5a-395b-4dd2-bf67-e302f41f8d72
dfa54c29-b3f5-4258-9a12-834b64066982;bd74d9a8-1775-4c3a-b06f-e66d122f7fb7
593d8166-c842-4d1d-b181-ffffb90f8737;52f57fd7-df49-4ed0-b37c-749599607700
01cd360b-3266-4698-8b43-dadf34a6a715;3c9753ce-3118-4c1b-8504-4ebf1c5c479f
8e576ea4-1b6f-42ee-b664-45dadbf4a0d8;6616aa52-da64-4103-a0f1-f99804de7ac9
7fb13b81-870c-4049-8b55-7afc37b84d19;e2a20316-5c50-4d6d-b021-121473f2d21e
67f05c9d-8788-4c04-bcf2-ad0565cc699c;0ebe0e4a-4dbc-4aff-9371-063db3b0e4c8
1fb0fe5d-ccc4-4344-a17a-19314ba4d8b6;df5fa8ce-4495-4259-b708-1174afa61bc4
cf4934e8-9209-4fa7-9967-9f40f2607b29;f2a4c884-f915-4131-b6e0-57b1ff291b06
332112fa-5b23-49cb-b01e-0207f432bd9f;f444d293-ef90-4ff7-a238-9da8e1d398e9
5fa7f202-d647-436c-bf68-5e4071fae651;993450a9-e423-491e-874a-6b53b6170389
4f95fbe1-d61e-4b52-89a2-5ae0564d6382;5de37ceb-1aff-461b-a053-05237896901d
13b02fe5-cd77-4fd3-96b1-cebea72a553e;d7ebbf94-a8f0-4d55-87ca-5bcd8e316030
e0e290d0-4668-489f-bb1e-acffb8b3d39b;6cb5d9ce-4591-48a6-a447-0a6f428f06e2
b9c028bf-eee3-4de1-b483-6cb805598bb2;8db3a26d-22fc-4236-b469-db8a45a21263
bf2f1bfe-5766-4b17-bb3d-062618286b0b;66244f49-d7b8-4694-a60a-954b81574bb4
dc29fd48-4784-4764-86d2-3243bf55a9ac;34897e65-6660-4514-8794-289c716a060c
9847c37c-a377-4e7c-9079-497fae9a348f;1095f545-4593-4580-aabd-05b285b72b58
1d40f352-7be6-45c2-b68d-c7491ac94121;e7f32612-7387-4478-820e-e7f34f9c28dd
08c98857-8519-4049-accb-fbfe201ac15b;c207c61f-b3de-451c-8044-7201cc200d4e
9021239c-ae7e-4601-9175-178fdc5d86a4;c3f05af0-9815-4782-976a-d7f9be84f588
5232e0db-0f1a-487f-b34c-d2913df37b35;6f075e2f-3213-4dbf-b890-d194987a6a64
73f32f01-f010-414a-8419-66b39dd10398;008db465-7f09-4765-bbfd-479897a323e4
836774a6-a744-467f-b6ba-cc8fdd623cd4;9089b9dd-f1d6-4ef1-a167-33bb37a75422
8ebcc3df-9188-455c-b126-00d994c15dc5;78c7ac54-0002-4ef8-acad-a60144b2f56f
7a43e816-ce17-436b-9018-ac8cf02b8cfe;24dee274-0e47-4e38-82ba-a3986fe6cbfa
4e1c6016-b7fe-4c17-84e3-015cecedd71a;4e3a8e00-e153-4ef5-b5c6-632a3ae40bfe
3aaba6df-f6a3-4be9-9774-484e4a73a678;0bb14fae-b9de-49e4-a3d3-95d0fe5e1d7b
d34f49a5-6a82-4f3e-919c-e8a3cec18e75;c9a8626c-1ee4-4cb2-a14d-36cf45058758
e626f38a-e957-4dfd-b9b7-8f2ef739970d;29d62d82-3fd8-4de1-a6e2-18057502f03a
f5023457-8772-4e52-a0c3-78c8d1f87083;82342d9d-b5fe-4a53-9666-9bc1ae1f150a
f0caa8d0-9845-4363-8403-4a32beb68ac8;04152425-de70-4562-a18c-6d8f530a2601
4c4f7831-e306-494b-8990-adeea823964f;d89d524c-6698-4f37-b76b-2e82af7866bd
aa669e5e-70b0-47e1-b400-490e686390e4;5335bd8c-1083-4cc6-b127-8553c7e8c699
4f3b47a6-efac-433b-9d99-3885e541336d;76401eb2-914c-43a7-ab8c-2c984ff170d0
9559fb52-45ba-4d00-88e4-985c3fb25d15;5c65fb5a-c8d5-4424-8590-83425949215d
da6e023c-184b-45a3-bddb-ec5dc6eb0a3b;00e97bb1-d79a-4a40-bc1f-60b60ce1dad5
8a4294fa-8847-4f53-b616-59953a29cb08;e6f00396-1ef6-4010-91b9-be82b5c4cd27
67ea81d5-91e6-48e0-835a-9093524c74b4;bb61b489-4e89-4e30-8fbb-2009deec21be